                  epoch,         train/box_loss,         train/cls_loss,         train/dfl_loss,   metrics/precision(B),      metrics/recall(B),       metrics/mAP50(B),    metrics/mAP50-95(B),           val/box_loss,           val/cls_loss,           val/dfl_loss,                 lr/pg0,                 lr/pg1,                 lr/pg2
                      1,                 1.4081,                  3.843,                 1.6102,                 0.2106,                0.28901,                0.19517,                0.15032,                 1.0242,                 3.3929,                 1.4621,             9.7324e-05,             9.7324e-05,             9.7324e-05
                      2,                 1.2659,                 2.7746,                 1.4248,                0.45929,                 0.3507,                0.33611,                0.25004,                 1.0732,                 2.5406,                 1.5498,             0.00019436,             0.00019436,             0.00019436
                      3,                 1.2722,                 2.4987,                 1.4183,                 0.3614,                0.46215,                0.37943,                0.27997,                 1.1057,                 2.2168,                 1.5526,             0.00029042,             0.00029042,             0.00029042
                      4,                 1.2775,                  2.285,                 1.4161,                0.36535,                0.39559,                0.38062,                0.27374,                 1.1207,                 2.1791,                  1.529,             0.00028963,             0.00028963,             0.00028963
                      5,                 1.2741,                 2.1737,                 1.4211,                0.42663,                0.44076,                0.38776,                0.27885,                 1.1063,                   2.13,                 1.5326,             0.00028963,             0.00028963,             0.00028963
                      6,                 1.2369,                   2.02,                 1.3812,                0.44081,                0.46265,                 0.4341,                0.31998,                 1.0787,                 1.9181,                 1.5013,             0.00028818,             0.00028818,             0.00028818
                      7,                 1.2241,                 1.9815,                 1.3874,                0.37707,                0.52061,                0.43398,                0.31775,                 1.1212,                  2.004,                 1.5065,             0.00028672,             0.00028672,             0.00028672
                      8,                 1.2138,                 1.8767,                  1.383,                0.40279,                0.49152,                0.47785,                0.35833,                 1.0911,                 1.8959,                 1.5142,             0.00028527,             0.00028527,             0.00028527
                      9,                 1.2115,                 1.8422,                 1.3798,                0.43258,                0.59513,                0.52033,                0.39678,                 1.0694,                 1.7368,                 1.4896,             0.00028381,             0.00028381,             0.00028381
                     10,                 1.1844,                 1.8007,                  1.373,                0.43808,                0.54318,                0.50288,                0.36613,                 1.0872,                 1.7642,                 1.5007,             0.00028236,             0.00028236,             0.00028236
                     11,                 1.1822,                 1.7181,                 1.3637,                0.39831,                 0.5365,                0.46535,                0.35093,                 1.0441,                 1.9379,                 1.4565,              0.0002809,              0.0002809,              0.0002809
                     12,                 1.1573,                 1.6767,                 1.3446,                0.41093,                0.54437,                0.50487,                0.37654,                 1.0501,                 1.6813,                 1.4564,             0.00027945,             0.00027945,             0.00027945
                     13,                 1.1698,                 1.6287,                 1.3462,                0.41045,                0.58859,                0.52228,                0.39721,                 1.0452,                 1.6934,                 1.4606,             0.00027799,             0.00027799,             0.00027799
                     14,                 1.1751,                 1.6159,                 1.3507,                0.48113,                0.57044,                0.54509,                0.41236,                 1.0509,                 1.6356,                 1.4703,             0.00027654,             0.00027654,             0.00027654
                     15,                 1.1463,                 1.5235,                 1.3308,                0.52012,                0.54472,                0.55256,                0.41831,                 1.0372,                 1.6224,                  1.469,             0.00027508,             0.00027508,             0.00027508
                     16,                 1.1441,                 1.4968,                 1.3326,                0.51935,                0.60033,                0.57195,                0.43403,                 1.0297,                 1.5478,                 1.4534,             0.00027363,             0.00027363,             0.00027363
                     17,                 1.1215,                 1.4716,                 1.3168,                0.47153,                0.61136,                0.54479,                0.42378,                 1.0315,                 1.6124,                 1.4392,             0.00027217,             0.00027217,             0.00027217
                     18,                 1.1303,                 1.4344,                 1.3192,                0.46782,                0.57802,                0.54813,                 0.4131,                  1.068,                 1.6401,                 1.4593,             0.00027072,             0.00027072,             0.00027072
                     19,                 1.1103,                 1.3863,                 1.3095,                0.51754,                0.60455,                0.57647,                0.42537,                 1.0698,                 1.5152,                 1.4707,             0.00026926,             0.00026926,             0.00026926
                     20,                  1.104,                 1.3945,                 1.3109,                 0.4499,                0.59286,                0.54472,                0.41465,                 1.0277,                 1.6066,                 1.4268,              0.0002678,              0.0002678,              0.0002678
                     21,                 1.0989,                 1.3483,                 1.3062,                0.52212,                0.55609,                0.52706,                0.40033,                 1.0322,                  1.666,                 1.4444,             0.00026635,             0.00026635,             0.00026635
                     22,                 1.1002,                 1.3588,                 1.3022,                0.55876,                0.57665,                0.58684,                0.45376,                 1.0179,                 1.5408,                 1.4303,             0.00026489,             0.00026489,             0.00026489
                     23,                 1.1037,                 1.3322,                  1.294,                0.49598,                0.60801,                0.57825,                0.44528,                 1.0095,                 1.6157,                 1.4469,             0.00026344,             0.00026344,             0.00026344
                     24,                 1.0838,                 1.2914,                 1.2912,                 0.5667,                0.53917,                0.55132,                0.42158,                 1.0229,                 1.6484,                 1.4509,             0.00026198,             0.00026198,             0.00026198
                     25,                 1.0824,                 1.2739,                 1.2952,                 0.5643,                0.56207,                0.57985,                0.43983,                 1.0488,                  1.552,                 1.4616,             0.00026053,             0.00026053,             0.00026053
                     26,                 1.0781,                 1.2567,                 1.2922,                 0.4644,                0.62962,                0.57353,                0.44291,                 1.0251,                  1.632,                 1.4509,             0.00025907,             0.00025907,             0.00025907
                     27,                 1.0628,                 1.2089,                 1.2742,                0.64118,                0.54239,                 0.5952,                0.45367,                  1.029,                 1.5317,                 1.4415,             0.00025762,             0.00025762,             0.00025762
                     28,                 1.0615,                 1.1854,                 1.2777,                0.53113,                0.58693,                 0.5438,                0.41965,                 1.0235,                 1.7342,                 1.4382,             0.00025616,             0.00025616,             0.00025616
                     29,                 1.0727,                  1.225,                 1.2852,                0.59878,                0.59522,                0.59174,                 0.4556,                 1.0255,                 1.5108,                 1.4519,             0.00025471,             0.00025471,             0.00025471
                     30,                 1.0663,                 1.1854,                 1.2837,                0.54716,                0.56509,                0.58083,                0.44388,                 1.0272,                 1.5603,                  1.451,             0.00025325,             0.00025325,             0.00025325
                     31,                 1.0429,                 1.1577,                 1.2652,                0.62453,                0.53745,                0.60305,                0.45971,                 1.0317,                 1.5128,                 1.4497,              0.0002518,              0.0002518,              0.0002518
                     32,                 1.0469,                 1.1418,                 1.2631,                 0.5688,                0.62521,                0.59694,                0.45679,                 1.0037,                 1.4593,                 1.4065,             0.00025034,             0.00025034,             0.00025034
                     33,                 1.0381,                 1.1368,                 1.2684,                 0.5533,                0.60428,                0.59112,                0.45105,                 1.0236,                 1.5399,                  1.454,             0.00024889,             0.00024889,             0.00024889
                     34,                 1.0447,                 1.1207,                 1.2603,                 0.5709,                0.56302,                0.61105,                0.46952,                 1.0473,                 1.5486,                 1.4658,             0.00024743,             0.00024743,             0.00024743
                     35,                 1.0232,                 1.0965,                  1.253,                 0.5135,                0.57274,                0.55717,                0.43239,                 1.0015,                 1.5982,                 1.4442,             0.00024598,             0.00024598,             0.00024598
                     36,                   1.02,                 1.0842,                 1.2507,                0.59284,                0.55474,                0.60606,                0.46357,                 1.0182,                 1.5133,                 1.4332,             0.00024452,             0.00024452,             0.00024452
                     37,                 1.0171,                 1.0696,                 1.2408,                0.59103,                0.57838,                0.60431,                0.46446,                 1.0172,                 1.4645,                 1.4274,             0.00024306,             0.00024306,             0.00024306
                     38,                 1.0122,                 1.0558,                 1.2435,                0.59295,                0.54126,                0.59001,                0.45933,                 1.0195,                 1.5373,                  1.432,             0.00024161,             0.00024161,             0.00024161
                     39,                0.99795,                 1.0335,                 1.2291,                0.61004,                0.57148,                0.60402,                0.46554,                 1.0145,                 1.4658,                 1.4371,             0.00024015,             0.00024015,             0.00024015
                     40,                      1,                 1.0371,                  1.234,                0.54655,                0.58384,                0.58721,                0.45007,                 1.0194,                 1.4851,                 1.4457,              0.0002387,              0.0002387,              0.0002387
                     41,                 1.0019,                 1.0276,                 1.2361,                0.56188,                0.60994,                0.62072,                0.47498,                  1.018,                 1.4845,                 1.4558,             0.00023724,             0.00023724,             0.00023724
                     42,                 1.0007,                 1.0024,                 1.2427,                 0.6275,                0.57363,                0.62201,                0.48542,                 1.0239,                 1.4994,                 1.4382,             0.00023579,             0.00023579,             0.00023579
                     43,                 1.0023,                 1.0036,                 1.2329,                0.57203,                0.57167,                0.58974,                0.45355,                0.99653,                 1.5693,                  1.435,             0.00023433,             0.00023433,             0.00023433
                     44,                0.98563,                 0.9904,                 1.2264,                0.62145,                0.54216,                 0.5953,                0.44964,                 1.0442,                 1.5604,                 1.4565,             0.00023288,             0.00023288,             0.00023288
                     45,                 0.9752,                0.94986,                 1.2178,                0.58949,                0.60302,                0.61191,                0.46518,                 1.0391,                 1.4113,                 1.4697,             0.00023142,             0.00023142,             0.00023142
                     46,                0.98096,                0.94561,                 1.2182,                0.53715,                0.58963,                0.58744,                0.45609,                 1.0074,                 1.5755,                 1.4308,             0.00022997,             0.00022997,             0.00022997
                     47,                0.97135,                0.93865,                  1.213,                0.60256,                0.59887,                0.61596,                0.47658,                 1.0095,                 1.4588,                 1.4434,             0.00022851,             0.00022851,             0.00022851
                     48,                0.96087,                0.93342,                 1.2089,                0.55286,                 0.6316,                0.61581,                0.47174,                 1.0209,                 1.5129,                 1.4361,             0.00022706,             0.00022706,             0.00022706
                     49,                0.95508,                0.91279,                 1.2015,                0.57234,                0.58295,                0.59088,                0.46475,                 0.9953,                 1.6101,                 1.4235,              0.0002256,              0.0002256,              0.0002256
                     50,                0.95992,                0.93081,                  1.218,                0.58831,                 0.5788,                 0.6004,                0.46086,                 1.0064,                 1.6057,                 1.4498,             0.00022415,             0.00022415,             0.00022415
                     51,                0.94821,                0.91115,                 1.2004,                0.57839,                0.57637,                0.59691,                0.45807,                 1.0087,                 1.5215,                 1.4355,             0.00022269,             0.00022269,             0.00022269
                     52,                0.93113,                0.86534,                 1.1856,                0.59356,                0.58871,                0.62058,                0.47865,                 1.0221,                  1.501,                  1.442,             0.00022123,             0.00022123,             0.00022123
                     53,                0.94313,                0.90621,                 1.2013,                0.58233,                0.58311,                0.60074,                0.46773,                 1.0105,                 1.5406,                 1.4599,             0.00021978,             0.00021978,             0.00021978
                     54,                0.94937,                 0.8942,                 1.2122,                0.55561,                 0.5461,                0.56694,                0.43758,                 1.0264,                 1.6962,                 1.4539,             0.00021832,             0.00021832,             0.00021832
                     55,                0.92833,                0.86802,                 1.1921,                 0.6495,                0.59286,                0.63365,                0.48021,                 1.0298,                 1.5477,                 1.4737,             0.00021687,             0.00021687,             0.00021687
                     56,                0.92848,                0.86458,                 1.1884,                0.66038,                0.53087,                0.58067,                0.44199,                 1.0378,                 1.7072,                  1.486,             0.00021541,             0.00021541,             0.00021541
                     57,                0.93386,                0.85315,                 1.1817,                0.62519,                0.58928,                0.61918,                0.47871,                 1.0343,                 1.5635,                 1.4575,             0.00021396,             0.00021396,             0.00021396
                     58,                0.91129,                0.83578,                 1.1781,                0.60657,                0.57915,                 0.5934,                0.46385,                0.99385,                 1.5864,                 1.4502,              0.0002125,              0.0002125,              0.0002125
                     59,                0.93213,                0.85798,                 1.1932,                0.63814,                0.58632,                0.60924,                 0.4716,                 1.0183,                 1.5561,                 1.4589,             0.00021105,             0.00021105,             0.00021105
                     60,                0.91328,                0.83804,                 1.1741,                0.57246,                0.61024,                0.60669,                0.47073,                 1.0176,                 1.5902,                 1.4489,             0.00020959,             0.00020959,             0.00020959
                     61,                0.90887,                0.82327,                 1.1705,                0.57939,                0.60139,                0.62013,                0.48472,                 1.0113,                 1.4973,                 1.4418,             0.00020814,             0.00020814,             0.00020814
                     62,                0.91307,                0.81336,                  1.176,                0.57987,                0.57938,                0.60619,                0.47162,                 1.0236,                 1.5158,                 1.4575,             0.00020668,             0.00020668,             0.00020668
                     63,                0.89704,                0.82012,                 1.1751,                0.64633,                0.54539,                0.60666,                0.46877,                 1.0271,                 1.5762,                 1.4467,             0.00020523,             0.00020523,             0.00020523
                     64,                 0.9021,                0.81129,                 1.1652,                0.54855,                0.61167,                0.59657,                0.46725,                 1.0175,                 1.5941,                 1.4468,             0.00020377,             0.00020377,             0.00020377
                     65,                0.90541,                0.80551,                 1.1741,                0.67049,                0.57204,                 0.6336,                0.49157,                  1.015,                    1.4,                 1.4482,             0.00020232,             0.00020232,             0.00020232
                     66,                 0.8894,                0.80456,                 1.1672,                 0.6275,                0.57638,                0.58997,                0.45225,                 1.0407,                 1.6235,                 1.4719,             0.00020086,             0.00020086,             0.00020086
                     67,                0.87899,                0.79747,                 1.1611,                0.62045,                0.57459,                0.62417,                0.48052,                 1.0278,                  1.563,                 1.4654,             0.00019941,             0.00019941,             0.00019941
                     68,                0.89003,                0.79678,                 1.1626,                0.53527,                0.62494,                 0.5916,                0.45997,                 1.0464,                 1.7121,                 1.4765,             0.00019795,             0.00019795,             0.00019795
                     69,                 0.8734,                0.77987,                 1.1546,                 0.5324,                0.62316,                0.60173,                0.46821,                 1.0267,                 1.5544,                 1.4689,             0.00019649,             0.00019649,             0.00019649
                     70,                0.86131,                0.76555,                 1.1423,                0.67076,                0.55086,                0.60503,                0.47075,                 1.0281,                 1.6365,                 1.4704,             0.00019504,             0.00019504,             0.00019504
                     71,                0.86598,                0.75626,                 1.1445,                0.58151,                0.53071,                0.58576,                 0.4496,                 1.0446,                 1.6359,                 1.4556,             0.00019358,             0.00019358,             0.00019358
                     72,                0.86586,                0.77328,                 1.1489,                 0.5437,                0.57109,                  0.593,                0.45916,                 1.0066,                 1.6936,                 1.4606,             0.00019213,             0.00019213,             0.00019213
                     73,                0.85555,                0.75709,                 1.1449,                0.54919,                0.58475,                0.57959,                0.44962,                 1.0077,                 1.6592,                  1.461,             0.00019067,             0.00019067,             0.00019067
                     74,                0.87077,                0.73992,                 1.1456,                0.56128,                0.61381,                 0.5884,                0.45123,                 1.0109,                   1.66,                  1.455,             0.00018922,             0.00018922,             0.00018922
                     75,                0.85277,                0.74508,                 1.1403,                0.59779,                0.58781,                0.60435,                0.46821,                 1.0032,                 1.5996,                 1.4674,             0.00018776,             0.00018776,             0.00018776
                     76,                0.84813,                0.74021,                 1.1369,                0.57294,                0.63502,                0.61613,                0.47784,                 1.0168,                 1.6173,                 1.4595,             0.00018631,             0.00018631,             0.00018631
                     77,                0.84215,                0.72685,                 1.1406,                0.63198,                0.52949,                0.58742,                0.45815,                 1.0378,                 1.7113,                 1.4852,             0.00018485,             0.00018485,             0.00018485
                     78,                0.85094,                0.72592,                 1.1423,                0.60644,                 0.5866,                0.61417,                0.47026,                 1.0267,                 1.6033,                 1.4791,              0.0001834,              0.0001834,              0.0001834
                     79,                0.83343,                0.72045,                 1.1371,                 0.6341,                0.55637,                   0.59,                 0.4483,                 1.0422,                 1.6941,                 1.4774,             0.00018194,             0.00018194,             0.00018194
                     80,                0.83927,                0.72163,                 1.1333,                0.55679,                0.61973,                0.61277,                0.47255,                 1.0546,                 1.6311,                 1.4984,             0.00018049,             0.00018049,             0.00018049
                     81,                0.81358,                0.69844,                 1.1224,                0.61691,                 0.5713,                0.61561,                0.47703,                 1.0381,                 1.6558,                 1.4764,             0.00017903,             0.00017903,             0.00017903
                     82,                0.83641,                0.71485,                 1.1303,                0.63997,                 0.5565,                0.59669,                 0.4631,                 1.0336,                 1.6511,                 1.4908,             0.00017758,             0.00017758,             0.00017758
                     83,                0.82026,                0.68717,                  1.111,                0.68076,                0.54311,                0.61054,                0.47455,                 1.0365,                 1.5895,                 1.4628,             0.00017612,             0.00017612,             0.00017612
                     84,                0.80958,                 0.6761,                 1.1167,                0.58446,                 0.5816,                0.59669,                 0.4617,                 1.0533,                 1.6545,                 1.5111,             0.00017467,             0.00017467,             0.00017467
                     85,                0.81607,                0.69226,                 1.1192,                0.63736,                0.55435,                0.60886,                0.47033,                 1.0387,                 1.6323,                 1.4922,             0.00017321,             0.00017321,             0.00017321
                     86,                 0.8152,                 0.6739,                 1.1149,                0.58871,                0.58074,                0.60194,                 0.4721,                 1.0391,                 1.6683,                 1.4804,             0.00017175,             0.00017175,             0.00017175
                     87,                0.81722,                0.68937,                 1.1193,                 0.5696,                0.57747,                0.60632,                 0.4686,                 1.0439,                 1.6318,                 1.4986,              0.0001703,              0.0001703,              0.0001703
                     88,                0.79852,                0.67256,                 1.1168,                0.60571,                0.59238,                0.62817,                0.48612,                  1.041,                 1.5408,                 1.4958,             0.00016884,             0.00016884,             0.00016884
                     89,                 0.8141,                0.69504,                 1.1186,                0.63534,                0.55148,                0.61186,                0.47439,                 1.0087,                  1.519,                 1.4525,             0.00016739,             0.00016739,             0.00016739
                     90,                0.80366,                0.67052,                 1.1122,                0.59537,                0.58978,                0.60747,                 0.4632,                 1.0296,                 1.5206,                 1.4816,             0.00016593,             0.00016593,             0.00016593
                     91,                0.78925,                  0.664,                 1.1037,                  0.606,                  0.608,                0.62448,                0.48844,                 1.0347,                 1.5163,                 1.4659,             0.00016448,             0.00016448,             0.00016448
                     92,                0.79321,                0.67945,                 1.1135,                 0.6203,                0.57217,                0.60708,                0.47128,                 1.0162,                 1.5737,                 1.4633,             0.00016302,             0.00016302,             0.00016302
                     93,                0.78724,                 0.6604,                 1.0997,                0.61217,                0.55327,                0.59661,                0.47101,                 1.0221,                 1.6102,                 1.4475,             0.00016157,             0.00016157,             0.00016157
                     94,                0.78465,                0.65313,                 1.0993,                0.57258,                0.58725,                0.60237,                0.46993,                 1.0391,                 1.6709,                 1.4771,             0.00016011,             0.00016011,             0.00016011
                     95,                   0.78,                0.65036,                 1.0971,                0.60193,                0.60148,                0.62032,                0.47976,                 1.0261,                 1.6184,                 1.4796,             0.00015866,             0.00015866,             0.00015866
                     96,                0.78014,                0.64786,                 1.1043,                  0.597,                0.58061,                0.60041,                0.47372,                 1.0194,                 1.6814,                 1.4615,              0.0001572,              0.0001572,              0.0001572
                     97,                0.78913,                0.64921,                 1.1016,                0.60681,                0.56643,                0.59123,                0.46349,                 1.0127,                 1.6833,                 1.4567,             0.00015575,             0.00015575,             0.00015575
                     98,                0.77309,                0.64334,                 1.0949,                0.61677,                0.56811,                0.59919,                0.47262,                 1.0061,                 1.6517,                  1.477,             0.00015429,             0.00015429,             0.00015429
                     99,                0.76371,                0.63073,                 1.0895,                0.60664,                0.62256,                0.62911,                0.49677,                 1.0108,                 1.6259,                 1.4826,             0.00015284,             0.00015284,             0.00015284
                    100,                0.76911,                0.64161,                 1.0909,                0.55325,                0.61704,                0.60005,                0.46677,                 1.0214,                 1.6489,                 1.4834,             0.00015138,             0.00015138,             0.00015138
                    101,                0.75287,                0.60694,                 1.0798,                 0.6043,                0.59782,                0.60088,                0.47996,                 1.0173,                 1.7717,                 1.4519,             0.00014993,             0.00014993,             0.00014993
                    102,                0.76548,                0.62424,                 1.0891,                0.59106,                0.58444,                0.59936,                0.46344,                 1.0237,                 1.6537,                 1.4737,             0.00014847,             0.00014847,             0.00014847
                    103,                0.76113,                0.61141,                 1.0744,                0.63087,                0.58246,                 0.6059,                0.47658,                 1.0056,                 1.6635,                 1.4745,             0.00014701,             0.00014701,             0.00014701
                    104,                 0.7479,                0.61734,                 1.0779,                0.60146,                0.58446,                0.60402,                0.47127,                 1.0282,                 1.7227,                 1.4821,             0.00014556,             0.00014556,             0.00014556
                    105,                0.74499,                0.59989,                 1.0785,                0.63456,                0.59205,                 0.6184,                 0.4841,                 1.0202,                 1.6225,                 1.4825,              0.0001441,              0.0001441,              0.0001441
                    106,                0.75203,                  0.615,                 1.0818,                 0.6261,                 0.5825,                 0.6223,                0.48751,                 1.0439,                 1.6282,                  1.493,             0.00014265,             0.00014265,             0.00014265
                    107,                0.74884,                0.60705,                 1.0768,                0.64067,                0.58974,                0.61403,                0.48332,                 1.0082,                  1.665,                 1.4769,             0.00014119,             0.00014119,             0.00014119
                    108,                0.74671,                0.60055,                 1.0762,                0.70965,                0.56028,                0.62277,                0.48353,                 1.0362,                 1.7098,                 1.4981,             0.00013974,             0.00013974,             0.00013974
                    109,                 0.7359,                0.60168,                 1.0689,                0.66066,                0.59813,                0.62414,                0.48953,                 1.0188,                 1.6669,                 1.4915,             0.00013828,             0.00013828,             0.00013828
                    110,                0.72946,                0.58881,                 1.0695,                0.59617,                0.61333,                0.60654,                0.47367,                  1.022,                  1.648,                 1.4872,             0.00013683,             0.00013683,             0.00013683
                    111,                0.72507,                0.58904,                 1.0718,                0.66372,                0.55553,                0.60925,                0.47935,                 1.0315,                 1.7567,                 1.4868,             0.00013537,             0.00013537,             0.00013537
                    112,                0.73944,                 0.6011,                 1.0804,                0.59332,                0.59169,                0.59576,                0.47398,                 1.0182,                 1.6882,                 1.4904,             0.00013392,             0.00013392,             0.00013392
                    113,                 0.7279,                0.59286,                 1.0718,                0.61708,                0.61621,                0.60221,                0.47208,                 1.0369,                 1.7342,                 1.5158,             0.00013246,             0.00013246,             0.00013246
                    114,                0.72841,                0.58299,                 1.0643,                0.61731,                0.61518,                0.61395,                0.48052,                 1.0404,                 1.6299,                 1.5109,             0.00013101,             0.00013101,             0.00013101
                    115,                0.72085,                0.57873,                 1.0686,                0.63025,                0.57043,                0.61841,                0.49223,                 1.0086,                 1.6913,                 1.4738,             0.00012955,             0.00012955,             0.00012955
                    116,                0.71549,                0.57562,                 1.0667,                 0.6109,                0.61584,                0.61148,                0.47699,                 1.0257,                 1.6589,                 1.4931,              0.0001281,              0.0001281,              0.0001281
                    117,                0.71367,                 0.5822,                 1.0671,                0.55904,                0.62041,                0.60318,                0.46964,                 1.0268,                 1.7247,                 1.4853,             0.00012664,             0.00012664,             0.00012664
                    118,                0.71419,                0.57788,                 1.0621,                0.59271,                0.60166,                0.58728,                0.46057,                  1.011,                 1.7853,                 1.4741,             0.00012519,             0.00012519,             0.00012519
                    119,                0.71133,                0.57415,                 1.0632,                0.63166,                0.56782,                0.59235,                0.46189,                 1.0265,                 1.8011,                  1.491,             0.00012373,             0.00012373,             0.00012373
                    120,                0.71417,                0.57007,                 1.0572,                0.62216,                0.60699,                0.60795,                0.47709,                 1.0012,                  1.714,                 1.4743,             0.00012227,             0.00012227,             0.00012227
                    121,                0.72077,                0.57044,                 1.0592,                0.67319,                0.55988,                0.60831,                0.46917,                 1.0217,                 1.7278,                 1.4802,             0.00012082,             0.00012082,             0.00012082
                    122,                0.71119,                0.55826,                 1.0533,                0.58473,                0.63316,                0.60801,                0.47784,                 1.0261,                 1.7176,                 1.4863,             0.00011936,             0.00011936,             0.00011936
                    123,                0.70364,                0.55876,                 1.0556,                0.56243,                0.62065,                 0.5961,                0.46551,                 1.0247,                  1.698,                 1.4843,             0.00011791,             0.00011791,             0.00011791
                    124,                0.70558,                0.56737,                 1.0551,                0.62141,                0.59115,                0.60337,                0.47249,                 1.0443,                 1.6913,                 1.5072,             0.00011645,             0.00011645,             0.00011645
                    125,                0.70032,                 0.5572,                 1.0583,                 0.5671,                0.62497,                0.59569,                 0.4676,                 1.0391,                 1.6893,                  1.516,               0.000115,               0.000115,               0.000115
                    126,                0.70353,                0.56923,                 1.0617,                0.61301,                0.59529,                0.60634,                0.47582,                 1.0219,                 1.7525,                 1.5133,             0.00011354,             0.00011354,             0.00011354
                    127,                0.68788,                0.54218,                 1.0489,                0.64383,                0.56167,                0.60896,                0.47356,                  1.031,                 1.7194,                 1.5112,             0.00011209,             0.00011209,             0.00011209
                    128,                0.69695,                0.54782,                 1.0564,                0.63252,                0.58156,                0.61489,                0.47635,                 1.0374,                 1.7197,                 1.5154,             0.00011063,             0.00011063,             0.00011063
                    129,                0.69025,                0.54234,                 1.0481,                0.58799,                0.58785,                0.61283,                0.47946,                 1.0149,                 1.7517,                 1.4831,             0.00010918,             0.00010918,             0.00010918
                    130,                0.67746,                0.54084,                 1.0467,                0.58434,                0.61705,                0.60342,                0.46904,                 1.0153,                 1.7503,                 1.5043,             0.00010772,             0.00010772,             0.00010772
                    131,                0.69026,                0.54858,                 1.0515,                0.59968,                0.59385,                0.60494,                0.47405,                  1.017,                 1.8001,                 1.5069,             0.00010627,             0.00010627,             0.00010627
                    132,                0.68543,                0.55601,                 1.0527,                0.61223,                 0.5629,                 0.6009,                0.46787,                 1.0369,                 1.7557,                 1.5268,             0.00010481,             0.00010481,             0.00010481
                    133,                0.68625,                0.54867,                 1.0435,                0.59011,                0.62453,                0.61175,                0.47516,                 1.0439,                 1.7235,                  1.546,             0.00010336,             0.00010336,             0.00010336
                    134,                0.67404,                0.54495,                 1.0476,                0.63089,                 0.5879,                0.61911,                 0.4822,                  1.024,                 1.6584,                  1.512,              0.0001019,              0.0001019,              0.0001019
                    135,                 0.6757,                0.52955,                 1.0403,                0.65506,                 0.5455,                0.60498,                0.47431,                 1.0275,                 1.7486,                  1.519,             0.00010045,             0.00010045,             0.00010045
                    136,                0.67808,                0.53798,                 1.0462,                0.62227,                0.58783,                0.60543,                0.47574,                 1.0376,                 1.7301,                 1.5311,              9.899e-05,              9.899e-05,              9.899e-05
                    137,                0.67038,                0.52493,                 1.0351,                0.63289,                0.58106,                0.60204,                0.46673,                 1.0325,                 1.7363,                 1.5129,             9.7534e-05,             9.7534e-05,             9.7534e-05
                    138,                0.66857,                0.52729,                 1.0376,                0.60181,                0.61338,                0.60897,                0.47762,                 1.0288,                 1.7486,                 1.4995,             9.6079e-05,             9.6079e-05,             9.6079e-05
                    139,                0.65756,                0.51879,                 1.0323,                0.62949,                0.60003,                0.59176,                0.45663,                  1.042,                 1.7549,                 1.5162,             9.4624e-05,             9.4624e-05,             9.4624e-05
                    140,                0.67294,                0.52715,                  1.039,                0.61649,                0.58097,                0.59043,                0.46252,                  1.026,                 1.7381,                  1.501,             9.3169e-05,             9.3169e-05,             9.3169e-05
                    141,                0.65702,                0.52025,                 1.0349,                0.63033,                0.57665,                0.59588,                0.46958,                 1.0295,                 1.7579,                 1.5006,             9.1713e-05,             9.1713e-05,             9.1713e-05
                    142,                0.65766,                0.52072,                 1.0347,                0.63991,                0.54777,                0.59175,                0.45973,                 1.0422,                 1.7245,                 1.5167,             9.0258e-05,             9.0258e-05,             9.0258e-05
                    143,                0.65345,                0.50951,                 1.0238,                0.63831,                0.57144,                0.60086,                0.47312,                 1.0337,                 1.7774,                 1.5116,             8.8803e-05,             8.8803e-05,             8.8803e-05
                    144,                0.65502,                0.51904,                 1.0378,                0.58562,                0.58774,                0.59109,                0.46487,                 1.0193,                 1.7621,                 1.5223,             8.7347e-05,             8.7347e-05,             8.7347e-05
                    145,                0.65689,                0.51662,                 1.0292,                0.64656,                0.58369,                0.61049,                0.47925,                 1.0175,                 1.6803,                 1.5018,             8.5892e-05,             8.5892e-05,             8.5892e-05
                    146,                0.64994,                0.51161,                 1.0336,                0.59527,                0.59364,                0.60623,                0.48072,                 1.0209,                 1.7513,                 1.5058,             8.4437e-05,             8.4437e-05,             8.4437e-05
                    147,                0.65011,                0.50101,                 1.0333,                0.62341,                0.58187,                0.59726,                0.46878,                 1.0177,                  1.785,                 1.5046,             8.2981e-05,             8.2981e-05,             8.2981e-05
                    148,                0.65327,                0.51132,                 1.0269,                0.59428,                0.58187,                0.60205,                0.47106,                  1.017,                 1.7678,                 1.5091,             8.1526e-05,             8.1526e-05,             8.1526e-05
                    149,                0.64252,                0.50498,                 1.0244,                0.56012,                0.62564,                0.60442,                0.47764,                 1.0066,                 1.7416,                 1.4903,             8.0071e-05,             8.0071e-05,             8.0071e-05
                    150,                0.64042,                0.50347,                  1.022,                0.59237,                0.59814,                 0.6071,                0.48026,                 1.0222,                 1.7665,                 1.5057,             7.8616e-05,             7.8616e-05,             7.8616e-05
                    151,                0.64078,                0.49876,                 1.0225,                0.57495,                0.62377,                0.61164,                0.48095,                 1.0141,                 1.7293,                  1.504,              7.716e-05,              7.716e-05,              7.716e-05
                    152,                0.64269,                0.50056,                 1.0283,                0.60384,                0.61556,                0.61144,                 0.4768,                 1.0267,                 1.7558,                   1.52,             7.5705e-05,             7.5705e-05,             7.5705e-05
                    153,                0.64265,                0.49647,                 1.0278,                0.58429,                0.61054,                0.59712,                0.46477,                 1.0366,                 1.7634,                  1.549,              7.425e-05,              7.425e-05,              7.425e-05
                    154,                0.63286,                0.48567,                 1.0153,                0.60234,                0.56704,                0.59578,                0.46955,                 1.0248,                 1.8328,                 1.5269,             7.2794e-05,             7.2794e-05,             7.2794e-05
                    155,                0.63805,                0.49093,                 1.0233,                0.57265,                0.58532,                0.59389,                0.46627,                 1.0118,                  1.851,                 1.5059,             7.1339e-05,             7.1339e-05,             7.1339e-05
                    156,                0.63128,                0.49654,                 1.0216,                0.56699,                0.60173,                0.59604,                0.46673,                 1.0187,                 1.8565,                 1.5101,             6.9884e-05,             6.9884e-05,             6.9884e-05
                    157,                0.62878,                0.49214,                 1.0252,                0.60661,                0.57831,                0.60127,                0.47059,                 1.0252,                  1.851,                 1.5295,             6.8428e-05,             6.8428e-05,             6.8428e-05
                    158,                 0.6328,                0.49992,                 1.0272,                0.59221,                0.60515,                0.60761,                0.47695,                  1.028,                 1.8109,                 1.5326,             6.6973e-05,             6.6973e-05,             6.6973e-05
                    159,                 0.6209,                 0.4816,                 1.0153,                0.59814,                0.59309,                0.60437,                0.47732,                 1.0226,                 1.8462,                 1.5197,             6.5518e-05,             6.5518e-05,             6.5518e-05
                    160,                 0.6192,                0.48401,                 1.0133,                0.59835,                0.60192,                0.60713,                0.47856,                 1.0174,                 1.8502,                 1.5289,             6.4063e-05,             6.4063e-05,             6.4063e-05
                    161,                0.62078,                0.48026,                 1.0152,                0.62227,                0.57797,                0.60441,                0.47539,                 1.0251,                 1.8603,                 1.5334,             6.2607e-05,             6.2607e-05,             6.2607e-05
                    162,                0.62186,                0.48626,                  1.016,                0.59278,                0.59931,                0.59335,                0.47089,                 1.0259,                 1.9085,                 1.5388,             6.1152e-05,             6.1152e-05,             6.1152e-05
                    163,                0.61864,                0.47775,                  1.013,                0.61355,                0.59529,                0.59131,                0.46858,                 1.0239,                 1.9375,                 1.5454,             5.9697e-05,             5.9697e-05,             5.9697e-05
                    164,                0.61822,                0.47237,                 1.0125,                0.60599,                 0.5975,                0.60136,                0.47617,                 1.0164,                 1.8667,                 1.5329,             5.8241e-05,             5.8241e-05,             5.8241e-05
                    165,                0.62808,                0.47758,                 1.0162,                0.68327,                 0.5584,                0.60868,                0.48127,                 1.0294,                 1.8839,                 1.5404,             5.6786e-05,             5.6786e-05,             5.6786e-05
                    166,                0.61125,                0.47563,                 1.0123,                0.58847,                 0.6033,                0.59782,                0.47067,                 1.0213,                 1.8485,                 1.5316,             5.5331e-05,             5.5331e-05,             5.5331e-05
                    167,                 0.6052,                 0.4698,                 1.0133,                0.59146,                0.59562,                 0.5941,                0.46433,                 1.0247,                 1.8149,                 1.5384,             5.3876e-05,             5.3876e-05,             5.3876e-05
                    168,                0.61659,                0.47543,                 1.0091,                0.64169,                0.59779,                0.60844,                0.47822,                 1.0191,                 1.7962,                 1.5237,              5.242e-05,              5.242e-05,              5.242e-05
                    169,                 0.6006,                0.46266,                 1.0046,                0.61105,                0.60982,                0.60885,                0.47882,                 1.0232,                 1.8034,                 1.5284,             5.0965e-05,             5.0965e-05,             5.0965e-05
                    170,                0.60391,                0.46439,                 1.0043,                0.61603,                0.59798,                0.60531,                0.47463,                 1.0227,                 1.8051,                 1.5335,              4.951e-05,              4.951e-05,              4.951e-05
                    171,                 0.6053,                0.46027,                 1.0071,                0.60461,                0.58827,                0.59633,                0.46893,                 1.0209,                 1.8322,                 1.5228,             4.8054e-05,             4.8054e-05,             4.8054e-05
                    172,                0.60367,                0.46472,                 1.0081,                0.64945,                0.56703,                0.60041,                0.47233,                 1.0286,                 1.8287,                 1.5271,             4.6599e-05,             4.6599e-05,             4.6599e-05
                    173,                0.60283,                0.46656,                 1.0047,                0.61249,                0.59294,                0.60701,                0.47862,                 1.0222,                 1.8088,                 1.5259,             4.5144e-05,             4.5144e-05,             4.5144e-05
                    174,                0.60315,                0.46047,                 1.0033,                0.62794,                0.56781,                0.61417,                0.48416,                 1.0213,                 1.7637,                 1.5174,             4.3688e-05,             4.3688e-05,             4.3688e-05
                    175,                0.59663,                0.45827,                 1.0026,                0.64487,                0.57175,                0.62079,                0.48961,                 1.0158,                 1.7886,                 1.5142,             4.2233e-05,             4.2233e-05,             4.2233e-05
                    176,                0.59443,                0.45269,                0.99819,                0.62285,                0.58458,                0.61689,                0.48786,                 1.0171,                 1.7894,                 1.5257,             4.0778e-05,             4.0778e-05,             4.0778e-05
                    177,                0.59459,                0.45442,                 1.0014,                0.63647,                0.58884,                0.61488,                0.48661,                 1.0156,                 1.8161,                 1.5358,             3.9323e-05,             3.9323e-05,             3.9323e-05
                    178,                0.59062,                0.44633,                0.99478,                0.66103,                0.56939,                0.61064,                0.47893,                 1.0152,                 1.7971,                 1.5438,             3.7867e-05,             3.7867e-05,             3.7867e-05
                    179,                0.59053,                0.44876,                0.99849,                0.69238,                0.54895,                   0.61,                0.48216,                 1.0116,                 1.7929,                 1.5314,             3.6412e-05,             3.6412e-05,             3.6412e-05
                    180,                0.58758,                0.45183,                 1.0005,                0.68033,                0.55564,                0.61809,                0.49099,                 1.0145,                 1.7855,                 1.5329,             3.4957e-05,             3.4957e-05,             3.4957e-05
                    181,                0.59378,                0.45544,                 1.0016,                0.59905,                 0.6093,                 0.6079,                0.48192,                 1.0118,                 1.7984,                 1.5343,             3.3501e-05,             3.3501e-05,             3.3501e-05
                    182,                0.58729,                0.44927,                0.99925,                0.60123,                0.61917,                0.60626,                0.47588,                 1.0131,                 1.7939,                 1.5393,             3.2046e-05,             3.2046e-05,             3.2046e-05
                    183,                0.59626,                0.45879,                 1.0038,                0.57907,                0.61258,                0.59988,                0.47263,                 1.0115,                 1.8328,                 1.5348,             3.0591e-05,             3.0591e-05,             3.0591e-05
                    184,                0.58455,                0.44346,                0.99859,                0.59912,                0.60988,                0.60698,                0.47877,                 1.0108,                 1.8329,                 1.5334,             2.9135e-05,             2.9135e-05,             2.9135e-05
                    185,                0.58348,                0.44882,                 1.0011,                 0.5954,                0.60749,                0.60564,                 0.4771,                 1.0144,                 1.8373,                 1.5347,              2.768e-05,              2.768e-05,              2.768e-05
                    186,                0.57896,                 0.4362,                0.99374,                0.60986,                0.59887,                0.60618,                 0.4782,                 1.0096,                 1.8568,                 1.5323,             2.6225e-05,             2.6225e-05,             2.6225e-05
                    187,                0.58393,                0.43906,                0.99776,                 0.5955,                0.59851,                0.60459,                 0.4748,                 1.0118,                  1.872,                 1.5325,             2.4769e-05,             2.4769e-05,             2.4769e-05
                    188,                0.58116,                 0.4411,                0.99639,                0.60729,                0.58619,                0.60697,                0.47577,                 1.0225,                 1.8616,                 1.5414,             2.3314e-05,             2.3314e-05,             2.3314e-05
                    189,                 0.5847,                0.44563,                0.99913,                0.63849,                0.57765,                0.60755,                0.47635,                 1.0221,                 1.8682,                 1.5392,             2.1859e-05,             2.1859e-05,             2.1859e-05
                    190,                 0.5837,                0.44304,                0.99327,                0.64256,                0.57166,                0.60568,                0.47712,                 1.0211,                 1.8469,                  1.537,             2.0404e-05,             2.0404e-05,             2.0404e-05
                    191,                 0.5045,                0.32145,                0.93754,                0.59088,                0.59675,                0.59715,                0.46943,                 1.0359,                 1.8689,                 1.5613,             1.8948e-05,             1.8948e-05,             1.8948e-05
                    192,                0.48742,                0.30555,                0.92572,                0.61917,                0.58648,                0.60336,                0.47351,                 1.0366,                 1.8369,                 1.5589,             1.7493e-05,             1.7493e-05,             1.7493e-05
                    193,                0.48758,                0.31211,                0.93113,                0.60784,                0.58283,                0.60159,                0.47479,                 1.0413,                 1.8213,                 1.5615,             1.6038e-05,             1.6038e-05,             1.6038e-05
                    194,                0.47964,                 0.3015,                0.92607,                0.65279,                0.55414,                0.60141,                0.47363,                 1.0372,                 1.8205,                 1.5545,             1.4582e-05,             1.4582e-05,             1.4582e-05
                    195,                0.47726,                0.30181,                0.92828,                0.58936,                0.61226,                0.60393,                0.47528,                 1.0369,                 1.8338,                 1.5586,             1.3127e-05,             1.3127e-05,             1.3127e-05
                    196,                0.46995,                0.29158,                0.92032,                0.59804,                0.59943,                0.59946,                0.47363,                 1.0314,                 1.8485,                 1.5515,             1.1672e-05,             1.1672e-05,             1.1672e-05
                    197,                  0.471,                0.29815,                0.92736,                0.60239,                0.59843,                0.60106,                0.47535,                 1.0285,                 1.8558,                 1.5491,             1.0217e-05,             1.0217e-05,             1.0217e-05
                    198,                0.47128,                 0.2972,                0.92961,                0.64292,                0.56666,                0.59996,                0.47484,                 1.0283,                 1.8628,                 1.5502,             8.7612e-06,             8.7612e-06,             8.7612e-06
                    199,                0.45717,                 0.2859,                0.91483,                0.63126,                 0.5894,                0.60107,                0.47745,                 1.0258,                 1.8517,                 1.5496,             7.3059e-06,             7.3059e-06,             7.3059e-06
